course_id,group_name,member_count,status,method
noc26_ae21,noc26-ae21-announce,875,OK,http
noc26_ae22,noc26-ae22-announce,295,OK,http
noc26_ae23,noc26-ae23-announce,1185,OK,http
noc26_ae24,noc26-ae24-announce,1023,OK,http
noc26_ae25,noc26-ae25-announce,427,OK,http
noc26_ae26,noc26-ae26-announce,1163,OK,http
noc26_ae27,noc26-ae27-announce,5743,OK,http
noc26_ae28,noc26-ae28-announce,3157,OK,http
noc26_ae29,noc26-ae29-announce,1379,OK,http
noc26_ae30,noc26-ae30-announce,1056,OK,http
noc26_ae31,noc26-ae31-announce,1143,OK,http
noc26_ae32,noc26-ae32-announce,454,OK,http
noc26_ae33,noc26-ae33-announce,733,OK,http
noc26_ae34,noc26-ae34-announce,778,OK,http
noc26_ae35,noc26-ae35-announce,885,OK,http
noc26_ae36,noc26-ae36-announce,477,OK,http
noc26_ae37,noc26-ae37-announce,236,OK,http
noc26_ae38,noc26-ae38-announce,616,OK,http
noc26_ae39,noc26-ae39-announce,840,OK,http
noc26_ae40,noc26-ae40-announce,1080,OK,http
noc26_ae41,noc26-ae41-announce,690,OK,http
noc26_ae42,noc26-ae42-announce,699,OK,http
noc26_ag17,noc26-ag17-announce,610,OK,http
noc26_ag18,noc26-ag18-announce,1902,OK,http
noc26_ag19,noc26-ag19-announce,1672,OK,http
noc26_ag20,noc26-ag20-announce,4906,OK,http
noc26_ag21,noc26-ag21-announce,8286,OK,http
noc26_ag22,noc26-ag22-announce,1201,OK,http
noc26_ag23,noc26-ag23-announce,7887,OK,http
noc26_ag24,noc26-ag24-announce,2443,OK,http
noc26_ag25,noc26-ag25-announce,1783,OK,http
noc26_ag26,noc26-ag26-announce,531,OK,http
noc26_ag27,noc26-ag27-announce,2026,OK,http
noc26_ag28,noc26-ag28-announce,5502,OK,http
noc26_ar18,noc26-ar18-announce,1395,OK,http
noc26_ar19,noc26-ar19-announce,1069,OK,http
noc26_ar20,noc26-ar20-announce,830,OK,http
noc26_ar21,noc26-ar21-announce,682,OK,http
noc26_ar22,noc26-ar22-announce,569,OK,http
noc26_ar23,noc26-ar23-announce,376,OK,http
noc26_ar24,noc26-ar24-announce,1624,OK,http
noc26_ar25,noc26-ar25-announce,882,OK,http
noc26_ar26,noc26-ar26-announce,522,OK,http
noc26_ar27,noc26-ar27-announce,801,OK,http
noc26_ar28,noc26-ar28-announce,986,OK,http
noc26_ar29,noc26-ar29-announce,272,OK,http
noc26_ar30,noc26-ar30-announce,1735,OK,http
noc26_ar31,noc26-ar31-announce,1025,OK,http
noc26_ar32,noc26-ar32-announce,443,OK,http
noc26_ar33,noc26-ar33-announce,4023,OK,http
noc26_ar34,noc26-ar34-announce,1373,OK,http
noc26_ar35,noc26-ar35-announce,820,OK,http
noc26_ar36,noc26-ar36-announce,858,OK,http
noc26_ar37,noc26-ar37-announce,655,OK,http
noc26_ar38,noc26-ar38-announce,533,OK,http
noc26_ar39,noc26-ar39-announce,550,OK,http
noc26_ar40,noc26-ar40-announce,552,OK,http
noc26_bt100,noc26-bt100-announce,1134,OK,http
noc26_bt101,noc26-bt101-announce,3427,OK,http
noc26_bt102,noc26-bt102-announce,4124,OK,http
noc26_bt51,noc26-bt51-announce,1049,OK,http
noc26_bt52,noc26-bt52-announce,1894,OK,http
noc26_bt53,noc26-bt53-announce,215,OK,http
noc26_bt54,noc26-bt54-announce,278,OK,http
noc26_bt56,noc26-bt56-announce,7425,OK,http
noc26_bt57,noc26-bt57-announce,930,OK,http
noc26_bt58,noc26-bt58-announce,1522,OK,http
noc26_bt59,noc26-bt59-announce,1580,OK,http
noc26_bt60,noc26-bt60-announce,779,OK,http
noc26_bt61,noc26-bt61-announce,2856,OK,http
noc26_bt62,noc26-bt62-announce,414,OK,http
noc26_bt63,noc26-bt63-announce,338,OK,http
noc26_bt65,noc26-bt65-announce,1135,OK,http
noc26_bt66,noc26-bt66-announce,1422,OK,http
noc26_bt67,noc26-bt67-announce,1094,OK,http
noc26_bt68,noc26-bt68-announce,1126,OK,http
noc26_bt69,noc26-bt69-announce,437,OK,http
noc26_bt70,noc26-bt70-announce,2749,OK,http
noc26_bt71,noc26-bt71-announce,1562,OK,http
noc26_bt72,noc26-bt72-announce,838,OK,http
noc26_bt73,noc26-bt73-announce,2164,OK,http
noc26_bt74,noc26-bt74-announce,1022,OK,http
noc26_bt76,noc26-bt76-announce,145,OK,http
noc26_bt77,noc26-bt77-announce,647,OK,http
noc26_bt78,noc26-bt78-announce,4465,OK,http
noc26_bt79,noc26-bt79-announce,6716,OK,http
noc26_bt80,noc26-bt80-announce,2236,OK,http
noc26_bt81,noc26-bt81-announce,1615,OK,http
noc26_bt82,noc26-bt82-announce,1501,OK,http
noc26_bt83,noc26-bt83-announce,863,OK,http
noc26_bt84,noc26-bt84-announce,2421,OK,http
noc26_bt85,noc26-bt85-announce,3223,OK,http
noc26_bt86,noc26-bt86-announce,3007,OK,http
noc26_bt87,noc26-bt87-announce,1291,OK,http
noc26_bt88,noc26-bt88-announce,3562,OK,http
noc26_bt89,noc26-bt89-announce,3307,OK,http
noc26_bt90,noc26-bt90-announce,668,OK,http
noc26_bt91,noc26-bt91-announce,5593,OK,http
noc26_bt92,noc26-bt92-announce,1825,OK,http
noc26_bt93,noc26-bt93-announce,2296,OK,http
noc26_bt94,noc26-bt94-announce,3186,OK,http
noc26_bt95,noc26-bt95-announce,1093,OK,http
noc26_bt96,noc26-bt96-announce,289,OK,http
noc26_bt97,noc26-bt97-announce,3074,OK,http
noc26_bt98,noc26-bt98-announce,1712,OK,http
noc26_bt99,noc26-bt99-announce,2540,OK,http
noc26_ce100,noc26-ce100-announce,4142,OK,http
noc26_ce101,noc26-ce101-announce,518,OK,http
noc26_ce102,noc26-ce102-announce,452,OK,http
noc26_ce103,noc26-ce103-announce,422,OK,http
noc26_ce104,noc26-ce104-announce,250,OK,http
noc26_ce105,noc26-ce105-announce,524,OK,http
noc26_ce106,noc26-ce106-announce,741,OK,http
noc26_ce107,noc26-ce107-announce,2279,OK,http
noc26_ce108,noc26-ce108-announce,445,OK,http
noc26_ce109,noc26-ce109-announce,1183,OK,http
noc26_ce110,noc26-ce110-announce,1006,OK,http
noc26_ce111,noc26-ce111-announce,182,OK,http
noc26_ce112,noc26-ce112-announce,927,OK,http
noc26_ce113,noc26-ce113-announce,492,OK,http
noc26_ce114,noc26-ce114-announce,142,OK,http
noc26_ce115,noc26-ce115-announce,1591,OK,http
noc26_ce116,noc26-ce116-announce,608,OK,http
noc26_ce117,noc26-ce117-announce,227,OK,http
noc26_ce118,noc26-ce118-announce,433,OK,http
noc26_ce119,noc26-ce119-announce,142,OK,http
noc26_ce120,noc26-ce120-announce,428,OK,http
noc26_ce121,noc26-ce121-announce,2405,OK,http
noc26_ce122,noc26-ce122-announce,2933,OK,http
noc26_ce123,noc26-ce123-announce,1231,OK,http
noc26_ce124,noc26-ce124-announce,3472,OK,http
noc26_ce125,noc26-ce125-announce,871,OK,http
noc26_ce126,noc26-ce126-announce,4162,OK,http
noc26_ce127,noc26-ce127-announce,110,OK,http
noc26_ce128,noc26-ce128-announce,756,OK,http
noc26_ce129,noc26-ce129-announce,208,OK,http
noc26_ce130,noc26-ce130-announce,282,OK,http
noc26_ce131,noc26-ce131-announce,221,OK,http
noc26_ce132,noc26-ce132-announce,1710,OK,http
noc26_ce133,noc26-ce133-announce,213,OK,http
noc26_ce134,noc26-ce134-announce,331,OK,http
noc26_ce135,noc26-ce135-announce,401,OK,http
noc26_ce136,noc26-ce136-announce,1847,OK,http
noc26_ce137,noc26-ce137-announce,663,OK,http
noc26_ce138,noc26-ce138-announce,345,OK,http
noc26_ce139,noc26-ce139-announce,2452,OK,http
noc26_ce140,noc26-ce140-announce,6228,OK,http
noc26_ce141,noc26-ce141-announce,184,OK,http
noc26_ce142,noc26-ce142-announce,5568,OK,http
noc26_ce143,noc26-ce143-announce,372,OK,http
noc26_ce144,noc26-ce144-announce,1313,OK,http
noc26_ce145,noc26-ce145-announce,1096,OK,http
noc26_ce146,noc26-ce146-announce,1635,OK,http
noc26_ce147,noc26-ce147-announce,1489,OK,http
noc26_ce148,noc26-ce148-announce,1899,OK,http
noc26_ce149,noc26-ce149-announce,2334,OK,http
noc26_ce150,noc26-ce150-announce,278,OK,http
noc26_ce151,noc26-ce151-announce,248,OK,http
noc26_ce152,noc26-ce152-announce,202,OK,http
noc26_ce153,noc26-ce153-announce,11802,OK,http
noc26_ce154,noc26-ce154-announce,183,OK,http
noc26_ce155,noc26-ce155-announce,620,OK,http
noc26_ce156,noc26-ce156-announce,420,OK,http
noc26_ce157,noc26-ce157-announce,1639,OK,http
noc26_ce158,noc26-ce158-announce,756,OK,http
noc26_ce159,noc26-ce159-announce,2212,OK,http
noc26_ce160,noc26-ce160-announce,1309,OK,http
noc26_ce161,noc26-ce161-announce,1862,OK,http
noc26_ce162,noc26-ce162-announce,6676,OK,http
noc26_ce163,noc26-ce163-announce,877,OK,http
noc26_ce165,noc26-ce165-announce,253,OK,http
noc26_ce166,noc26-ce166-announce,1361,OK,http
noc26_ce82,noc26-ce82-announce,452,OK,http
noc26_ce83,noc26-ce83-announce,190,OK,http
noc26_ce84,noc26-ce84-announce,85,OK,http
noc26_ce85,noc26-ce85-announce,906,OK,http
noc26_ce86,noc26-ce86-announce,,Removed / Unavailable,enrollment status
noc26_ce87,noc26-ce87-announce,1048,OK,http
noc26_ce88,noc26-ce88-announce,138,OK,http
noc26_ce89,noc26-ce89-announce,128,OK,http
noc26_ce90,noc26-ce90-announce,213,OK,http
noc26_ce91,noc26-ce91-announce,141,OK,http
noc26_ce92,noc26-ce92-announce,,Removed / Unavailable,enrollment status
noc26_ce93,noc26-ce93-announce,868,OK,http
noc26_ce94,noc26-ce94-announce,2304,OK,http
noc26_ce95,noc26-ce95-announce,510,OK,http
noc26_ce96,noc26-ce96-announce,2451,OK,http
noc26_ce97,noc26-ce97-announce,3626,OK,http
noc26_ce98,noc26-ce98-announce,837,OK,http
noc26_ce99,noc26-ce99-announce,4497,OK,http
noc26_ch100,noc26-ch100-announce,162,OK,http
noc26_ch101,noc26-ch101-announce,197,OK,http
noc26_ch102,noc26-ch102-announce,228,OK,http
noc26_ch103,noc26-ch103-announce,4042,OK,http
noc26_ch104,noc26-ch104-announce,1086,OK,http
noc26_ch105,noc26-ch105-announce,920,OK,http
noc26_ch106,noc26-ch106-announce,305,OK,http
noc26_ch107,noc26-ch107-announce,90,OK,http
noc26_ch108,noc26-ch108-announce,122,OK,http
noc26_ch109,noc26-ch109-announce,1989,OK,http
noc26_ch110,noc26-ch110-announce,340,OK,http
noc26_ch111,noc26-ch111-announce,532,OK,http
noc26_ch52,noc26-ch52-announce,1133,OK,http
noc26_ch53,noc26-ch53-announce,394,OK,http
noc26_ch54,noc26-ch54-announce,128,OK,http
noc26_ch55,noc26-ch55-announce,3015,OK,http
noc26_ch56,noc26-ch56-announce,333,OK,http
noc26_ch57,noc26-ch57-announce,216,OK,http
noc26_ch58,noc26-ch58-announce,283,OK,http
noc26_ch59,noc26-ch59-announce,323,OK,http
noc26_ch60,noc26-ch60-announce,3084,OK,http
noc26_ch61,noc26-ch61-announce,97,OK,http
noc26_ch62,noc26-ch62-announce,775,OK,http
noc26_ch63,noc26-ch63-announce,214,OK,http
noc26_ch64,noc26-ch64-announce,887,OK,http
noc26_ch65,noc26-ch65-announce,468,OK,http
noc26_ch66,noc26-ch66-announce,912,OK,http
noc26_ch67,noc26-ch67-announce,118,OK,http
noc26_ch68,noc26-ch68-announce,392,OK,http
noc26_ch69,noc26-ch69-announce,1731,OK,http
noc26_ch70,noc26-ch70-announce,354,OK,http
noc26_ch71,noc26-ch71-announce,203,OK,http
noc26_ch72,noc26-ch72-announce,2632,OK,http
noc26_ch73,noc26-ch73-announce,4372,OK,http
noc26_ch74,noc26-ch74-announce,5358,OK,http
noc26_ch75,noc26-ch75-announce,2793,OK,http
noc26_ch76,noc26-ch76-announce,2048,OK,http
noc26_ch77,noc26-ch77-announce,933,OK,http
noc26_ch78,noc26-ch78-announce,10963,OK,http
noc26_ch79,noc26-ch79-announce,7322,OK,http
noc26_ch80,noc26-ch80-announce,675,OK,http
noc26_ch81,noc26-ch81-announce,2480,OK,http
noc26_ch82,noc26-ch82-announce,207,OK,http
noc26_ch83,noc26-ch83-announce,173,OK,http
noc26_ch84,noc26-ch84-announce,375,OK,http
noc26_ch85,noc26-ch85-announce,502,OK,http
noc26_ch86,noc26-ch86-announce,265,OK,http
noc26_ch87,noc26-ch87-announce,303,OK,http
noc26_ch88,noc26-ch88-announce,878,OK,http
noc26_ch89,noc26-ch89-announce,2319,OK,http
noc26_ch90,noc26-ch90-announce,773,OK,http
noc26_ch91,noc26-ch91-announce,198,OK,http
noc26_ch92,noc26-ch92-announce,722,OK,http
noc26_ch93,noc26-ch93-announce,327,OK,http
noc26_ch94,noc26-ch94-announce,332,OK,http
noc26_ch95,noc26-ch95-announce,351,OK,http
noc26_ch96,noc26-ch96-announce,423,OK,http
noc26_ch97,noc26-ch97-announce,315,OK,http
noc26_ch98,noc26-ch98-announce,348,OK,http
noc26_ch99,noc26-ch99-announce,482,OK,http
noc26_cs100,noc26-cs100-announce,2028,OK,http
noc26_cs101,noc26-cs101-announce,5939,OK,http
noc26_cs102,noc26-cs102-announce,8524,OK,http
noc26_cs103,noc26-cs103-announce,2181,OK,http
noc26_cs104,noc26-cs104-announce,13596,OK,http
noc26_cs105,noc26-cs105-announce,6543,OK,http
noc26_cs106,noc26-cs106-announce,10129,OK,http
noc26_cs107,noc26-cs107-announce,73328,OK,http
noc26_cs108,noc26-cs108-announce,2584,OK,http
noc26_cs109,noc26-cs109-announce,39840,OK,http
noc26_cs110,noc26-cs110-announce,8282,OK,http
noc26_cs111,noc26-cs111-announce,4775,OK,http
noc26_cs112,noc26-cs112-announce,25972,OK,http
noc26_cs113,noc26-cs113-announce,20497,OK,http
noc26_cs114,noc26-cs114-announce,7631,OK,http
noc26_cs115,noc26-cs115-announce,6093,OK,http
noc26_cs116,noc26-cs116-announce,597,OK,http
noc26_cs117,noc26-cs117-announce,42894,OK,http
noc26_cs118,noc26-cs118-announce,4985,OK,http
noc26_cs119,noc26-cs119-announce,29000,OK,http
noc26_cs120,noc26-cs120-announce,7430,OK,http
noc26_cs121,noc26-cs121-announce,1840,OK,http
noc26_cs122,noc26-cs122-announce,1824,OK,http
noc26_cs123,noc26-cs123-announce,20090,OK,http
noc26_cs124,noc26-cs124-announce,431,OK,http
noc26_cs125,noc26-cs125-announce,1765,OK,http
noc26_cs126,noc26-cs126-announce,434,OK,http
noc26_cs127,noc26-cs127-announce,819,OK,http
noc26_cs128,noc26-cs128-announce,3739,OK,http
noc26_cs129,noc26-cs129-announce,30416,OK,http
noc26_cs130,noc26-cs130-announce,1145,OK,http
noc26_cs131,noc26-cs131-announce,16998,OK,http
noc26_cs132,noc26-cs132-announce,13706,OK,http
noc26_cs133,noc26-cs133-announce,37691,OK,http
noc26_cs134,noc26-cs134-announce,7601,OK,http
noc26_cs135,noc26-cs135-announce,10714,OK,http
noc26_cs136,noc26-cs136-announce,57080,OK,http
noc26_cs137,noc26-cs137-announce,5010,OK,http
noc26_cs138,noc26-cs138-announce,23420,OK,http
noc26_cs139,noc26-cs139-announce,8587,OK,http
noc26_cs140,noc26-cs140-announce,3929,OK,http
noc26_cs141,noc26-cs141-announce,40882,OK,http
noc26_cs142,noc26-cs142-announce,755,OK,http
noc26_cs143,noc26-cs143-announce,2200,OK,http
noc26_cs144,noc26-cs144-announce,48171,OK,http
noc26_cs145,noc26-cs145-announce,20690,OK,http
noc26_cs146,noc26-cs146-announce,21043,OK,http
noc26_cs147,noc26-cs147-announce,468,OK,http
noc26_cs148,noc26-cs148-announce,173,OK,http
noc26_cs149,noc26-cs149-announce,345,OK,http
noc26_cs150,noc26-cs150-announce,92329,OK,http
noc26_cs151,noc26-cs151-announce,20824,OK,http
noc26_cs152,noc26-cs152-announce,12928,OK,http
noc26_cs153,noc26-cs153-announce,84601,OK,http
noc26_cs154,noc26-cs154-announce,1082,OK,http
noc26_cs155,noc26-cs155-announce,12077,OK,http
noc26_cs156,noc26-cs156-announce,16601,OK,http
noc26_cs157,noc26-cs157-announce,46029,OK,http
noc26_cs158,noc26-cs158-announce,10002,OK,http
noc26_cs159,noc26-cs159-announce,16065,OK,http
noc26_cs160,noc26-cs160-announce,47233,OK,http
noc26_cs161,noc26-cs161-announce,118832,OK,http
noc26_cs162,noc26-cs162-announce,32449,OK,http
noc26_cs163,noc26-cs163-announce,2801,OK,http
noc26_cs164,noc26-cs164-announce,1743,OK,http
noc26_cs165,noc26-cs165-announce,663,OK,http
noc26_cs166,noc26-cs166-announce,16474,OK,http
noc26_cs167,noc26-cs167-announce,1695,OK,http
noc26_cs168,noc26-cs168-announce,4319,OK,http
noc26_cs169,noc26-cs169-announce,4744,OK,http
noc26_cs170,noc26-cs170-announce,7749,OK,http
noc26_cs171,noc26-cs171-announce,24319,OK,http
noc26_cs172,noc26-cs172-announce,204,OK,http
noc26_cs173,noc26-cs173-announce,2869,OK,http
noc26_cs174,noc26-cs174-announce,7403,OK,http
noc26_cs175,noc26-cs175-announce,3610,OK,http
noc26_cs176,noc26-cs176-announce,3198,OK,http
noc26_cs177,noc26-cs177-announce,18187,OK,http
noc26_cs178,noc26-cs178-announce,3690,OK,http
noc26_cs179,noc26-cs179-announce,4271,OK,http
noc26_cs180,noc26-cs180-announce,17026,OK,http
noc26_cs181,noc26-cs181-announce,7845,OK,http
noc26_cs182,noc26-cs182-announce,19985,OK,http
noc26_cs183,noc26-cs183-announce,5934,OK,http
noc26_cs184,noc26-cs184-announce,1516,OK,http
noc26_cs185,noc26-cs185-announce,5363,OK,http
noc26_cs186,noc26-cs186-announce,5190,OK,http
noc26_cs187,noc26-cs187-announce,1028,OK,http
noc26_cs188,noc26-cs188-announce,19001,OK,http
noc26_cs189,noc26-cs189-announce,18012,OK,http
noc26_cs90,noc26-cs90-announce,1117,OK,http
noc26_cs91,noc26-cs91-announce,1950,OK,http
noc26_cs92,noc26-cs92-announce,660,OK,http
noc26_cs93,noc26-cs93-announce,1672,OK,http
noc26_cs94,noc26-cs94-announce,320,OK,http
noc26_cs95,noc26-cs95-announce,19777,OK,http
noc26_cs96,noc26-cs96-announce,2237,OK,http
noc26_cs97,noc26-cs97-announce,3600,OK,http
noc26_cs98,noc26-cs98-announce,8690,OK,http
noc26_cs99,noc26-cs99-announce,30466,OK,http
noc26_cy41,noc26-cy41-announce,360,OK,http
noc26_cy42,noc26-cy42-announce,895,OK,http
noc26_cy43,noc26-cy43-announce,934,OK,http
noc26_cy44,noc26-cy44-announce,349,OK,http
noc26_cy45,noc26-cy45-announce,1933,OK,http
noc26_cy46,noc26-cy46-announce,395,OK,http
noc26_cy47,noc26-cy47-announce,1563,OK,http
noc26_cy48,noc26-cy48-announce,1581,OK,http
noc26_cy49,noc26-cy49-announce,293,OK,http
noc26_cy50,noc26-cy50-announce,153,OK,http
noc26_cy51,noc26-cy51-announce,106,OK,http
noc26_cy52,noc26-cy52-announce,1734,OK,http
noc26_cy53,noc26-cy53-announce,455,OK,http
noc26_cy54,noc26-cy54-announce,497,OK,http
noc26_cy55,noc26-cy55-announce,533,OK,http
noc26_cy56,noc26-cy56-announce,123,OK,http
noc26_cy57,noc26-cy57-announce,119,OK,http
noc26_cy58,noc26-cy58-announce,262,OK,http
noc26_cy59,noc26-cy59-announce,156,OK,http
noc26_cy60,noc26-cy60-announce,685,OK,http
noc26_cy61,noc26-cy61-announce,350,OK,http
noc26_cy62,noc26-cy62-announce,215,OK,http
noc26_cy63,noc26-cy63-announce,304,OK,http
noc26_cy64,noc26-cy64-announce,1644,OK,http
noc26_cy65,noc26-cy65-announce,289,OK,http
noc26_cy66,noc26-cy66-announce,691,OK,http
noc26_cy67,noc26-cy67-announce,246,OK,http
noc26_cy68,noc26-cy68-announce,834,OK,http
noc26_cy69,noc26-cy69-announce,1201,OK,http
noc26_cy70,noc26-cy70-announce,742,OK,http
noc26_cy71,noc26-cy71-announce,404,OK,http
noc26_cy72,noc26-cy72-announce,906,OK,http
noc26_cy73,noc26-cy73-announce,3164,OK,http
noc26_cy74,noc26-cy74-announce,515,OK,http
noc26_cy75,noc26-cy75-announce,512,OK,http
noc26_cy76,noc26-cy76-announce,626,OK,http
noc26_de19,noc26-de19-announce,524,OK,http
noc26_de20,noc26-de20-announce,1268,OK,http
noc26_de21,noc26-de21-announce,1745,OK,http
noc26_de22,noc26-de22-announce,392,OK,http
noc26_de23,noc26-de23-announce,3937,OK,http
noc26_de24,noc26-de24-announce,187,OK,http
noc26_de25,noc26-de25-announce,330,OK,http
noc26_de26,noc26-de26-announce,17093,OK,http
noc26_de27,noc26-de27-announce,3340,OK,http
noc26_de28,noc26-de28-announce,1472,OK,http
noc26_de29,noc26-de29-announce,288,OK,http
noc26_de30,noc26-de30-announce,1234,OK,http
noc26_de31,noc26-de31-announce,304,OK,http
noc26_ec11,noc26-ec11-announce,2831,OK,http
noc26_ec12,noc26-ec12-announce,542,OK,http
noc26_ec13,noc26-ec13-announce,506,OK,http
noc26_ec14,noc26-ec14-announce,977,OK,http
noc26_ec15,noc26-ec15-announce,340,OK,http
noc26_ec16,noc26-ec16-announce,3705,OK,http
noc26_ec17,noc26-ec17-announce,688,OK,http
noc26_ec18,noc26-ec18-announce,2597,OK,http
noc26_ec19,noc26-ec19-announce,238,OK,http
noc26_ec20,noc26-ec20-announce,3113,OK,http
noc26_ec21,noc26-ec21-announce,1074,OK,http
noc26_ec22,noc26-ec22-announce,653,OK,http
noc26_ec23,noc26-ec23-announce,952,OK,http
noc26_ee100,noc26-ee100-announce,328,OK,http
noc26_ee101,noc26-ee101-announce,4800,OK,http
noc26_ee102,noc26-ee102-announce,382,OK,http
noc26_ee103,noc26-ee103-announce,11139,OK,http
noc26_ee104,noc26-ee104-announce,1240,OK,http
noc26_ee105,noc26-ee105-announce,950,OK,http
noc26_ee106,noc26-ee106-announce,1043,OK,http
noc26_ee107,noc26-ee107-announce,1453,OK,http
noc26_ee108,noc26-ee108-announce,2634,OK,http
noc26_ee109,noc26-ee109-announce,3303,OK,http
noc26_ee110,noc26-ee110-announce,2040,OK,http
noc26_ee111,noc26-ee111-announce,1493,OK,http
noc26_ee112,noc26-ee112-announce,996,OK,http
noc26_ee113,noc26-ee113-announce,3407,OK,http
noc26_ee114,noc26-ee114-announce,464,OK,http
noc26_ee115,noc26-ee115-announce,2645,OK,http
noc26_ee116,noc26-ee116-announce,2106,OK,http
noc26_ee117,noc26-ee117-announce,114,OK,http
noc26_ee118,noc26-ee118-announce,2262,OK,http
noc26_ee119,noc26-ee119-announce,1031,OK,http
noc26_ee120,noc26-ee120-announce,6600,OK,http
noc26_ee121,noc26-ee121-announce,1391,OK,http
noc26_ee122,noc26-ee122-announce,141,OK,http
noc26_ee123,noc26-ee123-announce,2913,OK,http
noc26_ee124,noc26-ee124-announce,250,OK,http
noc26_ee125,noc26-ee125-announce,1541,OK,http
noc26_ee126,noc26-ee126-announce,1245,OK,http
noc26_ee127,noc26-ee127-announce,1269,OK,http
noc26_ee128,noc26-ee128-announce,239,OK,http
noc26_ee129,noc26-ee129-announce,1127,OK,http
noc26_ee130,noc26-ee130-announce,1722,OK,http
noc26_ee131,noc26-ee131-announce,1747,OK,http
noc26_ee132,noc26-ee132-announce,141,OK,http
noc26_ee133,noc26-ee133-announce,1049,OK,http
noc26_ee134,noc26-ee134-announce,3626,OK,http
noc26_ee135,noc26-ee135-announce,5358,OK,http
noc26_ee137,noc26-ee137-announce,2125,OK,http
noc26_ee138,noc26-ee138-announce,7324,OK,http
noc26_ee139,noc26-ee139-announce,6267,OK,http
noc26_ee140,noc26-ee140-announce,856,OK,http
noc26_ee141,noc26-ee141-announce,701,OK,http
noc26_ee142,noc26-ee142-announce,258,OK,http
noc26_ee143,noc26-ee143-announce,228,OK,http
noc26_ee144,noc26-ee144-announce,2335,OK,http
noc26_ee145,noc26-ee145-announce,204,OK,http
noc26_ee146,noc26-ee146-announce,3154,OK,http
noc26_ee147,noc26-ee147-announce,15349,OK,http
noc26_ee148,noc26-ee148-announce,507,OK,http
noc26_ee149,noc26-ee149-announce,1253,OK,http
noc26_ee150,noc26-ee150-announce,345,OK,http
noc26_ee151,noc26-ee151-announce,979,OK,http
noc26_ee152,noc26-ee152-announce,2102,OK,http
noc26_ee153,noc26-ee153-announce,1702,OK,http
noc26_ee154,noc26-ee154-announce,7897,OK,http
noc26_ee155,noc26-ee155-announce,979,OK,http
noc26_ee156,noc26-ee156-announce,2601,OK,http
noc26_ee157,noc26-ee157-announce,2605,OK,http
noc26_ee158,noc26-ee158-announce,596,OK,http
noc26_ee159,noc26-ee159-announce,13958,OK,http
noc26_ee160,noc26-ee160-announce,446,OK,http
noc26_ee161,noc26-ee161-announce,319,OK,http
noc26_ee162,noc26-ee162-announce,700,OK,http
noc26_ee163,noc26-ee163-announce,746,OK,http
noc26_ee164,noc26-ee164-announce,188,OK,http
noc26_ee165,noc26-ee165-announce,220,OK,http
noc26_ee166,noc26-ee166-announce,1862,OK,http
noc26_ee167,noc26-ee167-announce,2195,OK,http
noc26_ee168,noc26-ee168-announce,3851,OK,http
noc26_ee169,noc26-ee169-announce,1400,OK,http
noc26_ee170,noc26-ee170-announce,1675,OK,http
noc26_ee171,noc26-ee171-announce,2579,OK,http
noc26_ee172,noc26-ee172-announce,1676,OK,http
noc26_ee173,noc26-ee173-announce,1405,OK,http
noc26_ee174,noc26-ee174-announce,3304,OK,http
noc26_ee175,noc26-ee175-announce,5322,OK,http
noc26_ee176,noc26-ee176-announce,3220,OK,http
noc26_ee177,noc26-ee177-announce,21032,OK,http
noc26_ee178,noc26-ee178-announce,5738,OK,http
noc26_ee179,noc26-ee179-announce,849,OK,http
noc26_ee180,noc26-ee180-announce,2015,OK,http
noc26_ee181,noc26-ee181-announce,2241,OK,http
noc26_ee182,noc26-ee182-announce,2179,OK,http
noc26_ee183,noc26-ee183-announce,423,OK,http
noc26_ee184,noc26-ee184-announce,698,OK,http
noc26_ee185,noc26-ee185-announce,468,OK,http
noc26_ee186,noc26-ee186-announce,428,OK,http
noc26_ee187,noc26-ee187-announce,10761,OK,http
noc26_ee188,noc26-ee188-announce,240,OK,http
noc26_ee189,noc26-ee189-announce,8701,OK,http
noc26_ee190,noc26-ee190-announce,1473,OK,http
noc26_ee191,noc26-ee191-announce,1726,OK,http
noc26_ee192,noc26-ee192-announce,329,OK,http
noc26_ee193,noc26-ee193-announce,8029,OK,http
noc26_ee194,noc26-ee194-announce,1376,OK,http
noc26_ee195,noc26-ee195-announce,303,OK,http
noc26_ee197,noc26-ee197-announce,894,OK,http
noc26_ee198,noc26-ee198-announce,957,OK,http
noc26_ee199,noc26-ee199-announce,148,OK,http
noc26_ee200,noc26-ee200-announce,1041,OK,http
noc26_ee201,noc26-ee201-announce,431,OK,http
noc26_ee202,noc26-ee202-announce,1267,OK,http
noc26_ee93,noc26-ee93-announce,620,OK,http
noc26_ee94,noc26-ee94-announce,1727,OK,http
noc26_ee95,noc26-ee95-announce,396,OK,http
noc26_ee96,noc26-ee96-announce,6649,OK,http
noc26_ee97,noc26-ee97-announce,3574,OK,http
noc26_ee98,noc26-ee98-announce,1071,OK,http
noc26_ee99,noc26-ee99-announce,312,OK,http
noc26_ge100,noc26-ge100-announce,15090,OK,http
noc26_ge101,noc26-ge101-announce,433,OK,http
noc26_ge102,noc26-ge102-announce,5227,OK,http
noc26_ge103,noc26-ge103-announce,1011,OK,http
noc26_ge104,noc26-ge104-announce,318,OK,http
noc26_ge105,noc26-ge105-announce,4257,OK,http
noc26_ge106,noc26-ge106-announce,7351,OK,http
noc26_ge47,noc26-ge47-announce,184,OK,http
noc26_ge48,noc26-ge48-announce,417,OK,http
noc26_ge49,noc26-ge49-announce,704,OK,http
noc26_ge50,noc26-ge50-announce,1760,OK,http
noc26_ge55,noc26-ge55-announce,865,OK,http
noc26_ge57,noc26-ge57-announce,311,OK,http
noc26_ge58,noc26-ge58-announce,7729,OK,http
noc26_ge59,noc26-ge59-announce,4038,OK,http
noc26_ge60,noc26-ge60-announce,1465,OK,http
noc26_ge61,noc26-ge61-announce,1382,OK,http
noc26_ge62,noc26-ge62-announce,1400,OK,http
noc26_ge63,noc26-ge63-announce,5788,OK,http
noc26_ge64,noc26-ge64-announce,764,OK,http
noc26_ge65,noc26-ge65-announce,3611,OK,http
noc26_ge66,noc26-ge66-announce,497,OK,http
noc26_ge67,noc26-ge67-announce,2798,OK,http
noc26_ge68,noc26-ge68-announce,995,OK,http
noc26_ge69,noc26-ge69-announce,4071,OK,http
noc26_ge70,noc26-ge70-announce,1266,OK,http
noc26_ge71,noc26-ge71-announce,128,OK,http
noc26_ge72,noc26-ge72-announce,6139,OK,http
noc26_ge73,noc26-ge73-announce,104,OK,http
noc26_ge74,noc26-ge74-announce,220,OK,http
noc26_ge75,noc26-ge75-announce,2570,OK,http
noc26_ge76,noc26-ge76-announce,579,OK,http
noc26_ge77,noc26-ge77-announce,901,OK,http
noc26_ge78,noc26-ge78-announce,5466,OK,http
noc26_ge79,noc26-ge79-announce,24057,OK,http
noc26_ge80,noc26-ge80-announce,1207,OK,http
noc26_ge81,noc26-ge81-announce,1683,OK,http
noc26_ge82,noc26-ge82-announce,7043,OK,http
noc26_ge83,noc26-ge83-announce,14958,OK,http
noc26_ge84,noc26-ge84-announce,818,OK,http
noc26_ge85,noc26-ge85-announce,2850,OK,http
noc26_ge86,noc26-ge86-announce,610,OK,http
noc26_ge87,noc26-ge87-announce,2297,OK,http
noc26_ge88,noc26-ge88-announce,471,OK,http
noc26_ge89,noc26-ge89-announce,593,OK,http
noc26_ge90,noc26-ge90-announce,2905,OK,http
noc26_ge91,noc26-ge91-announce,2049,OK,http
noc26_ge92,noc26-ge92-announce,121,OK,http
noc26_ge93,noc26-ge93-announce,11424,OK,http
noc26_ge94,noc26-ge94-announce,462,OK,http
noc26_ge95,noc26-ge95-announce,301,OK,http
noc26_ge96,noc26-ge96-announce,5637,OK,http
noc26_ge97,noc26-ge97-announce,2333,OK,http
noc26_ge98,noc26-ge98-announce,5330,OK,http
noc26_ge99,noc26-ge99-announce,1953,OK,http
noc26_hs121,noc26-hs121-announce,426,OK,http
noc26_hs123,noc26-hs123-announce,,Removed / Unavailable,enrollment status
noc26_hs124,noc26-hs124-announce,1625,OK,http
noc26_hs125,noc26-hs125-announce,683,OK,http
noc26_hs126,noc26-hs126-announce,1610,OK,http
noc26_hs127,noc26-hs127-announce,2093,OK,http
noc26_hs131,noc26-hs131-announce,884,OK,http
noc26_hs133,noc26-hs133-announce,14837,OK,http
noc26_hs135,noc26-hs135-announce,1571,OK,http
noc26_hs136,noc26-hs136-announce,495,OK,http
noc26_hs137,noc26-hs137-announce,9960,OK,http
noc26_hs138,noc26-hs138-announce,180,OK,http
noc26_hs139,noc26-hs139-announce,5257,OK,http
noc26_hs140,noc26-hs140-announce,430,OK,http
noc26_hs141,noc26-hs141-announce,3076,OK,http
noc26_hs142,noc26-hs142-announce,700,OK,http
noc26_hs143,noc26-hs143-announce,217,OK,http
noc26_hs144,noc26-hs144-announce,734,OK,http
noc26_hs145,noc26-hs145-announce,10956,OK,http
noc26_hs146,noc26-hs146-announce,725,OK,http
noc26_hs147,noc26-hs147-announce,1354,OK,http
noc26_hs148,noc26-hs148-announce,472,OK,http
noc26_hs149,noc26-hs149-announce,4609,OK,http
noc26_hs150,noc26-hs150-announce,2733,OK,http
noc26_hs151,noc26-hs151-announce,720,OK,http
noc26_hs152,noc26-hs152-announce,479,OK,http
noc26_hs153,noc26-hs153-announce,1225,OK,http
noc26_hs154,noc26-hs154-announce,1524,OK,http
noc26_hs155,noc26-hs155-announce,263,OK,http
noc26_hs156,noc26-hs156-announce,1099,OK,http
noc26_hs157,noc26-hs157-announce,214,OK,http
noc26_hs158,noc26-hs158-announce,1316,OK,http
noc26_hs159,noc26-hs159-announce,474,OK,http
noc26_hs160,noc26-hs160-announce,35512,OK,http
noc26_hs161,noc26-hs161-announce,8821,OK,http
noc26_hs162,noc26-hs162-announce,123,OK,http
noc26_hs163,noc26-hs163-announce,962,OK,http
noc26_hs164,noc26-hs164-announce,3712,OK,http
noc26_hs165,noc26-hs165-announce,468,OK,http
noc26_hs166,noc26-hs166-announce,5695,OK,http
noc26_hs167,noc26-hs167-announce,1794,OK,http
noc26_hs168,noc26-hs168-announce,6411,OK,http
noc26_hs169,noc26-hs169-announce,8434,OK,http
noc26_hs170,noc26-hs170-announce,131,OK,http
noc26_hs171,noc26-hs171-announce,92,OK,http
noc26_hs172,noc26-hs172-announce,529,OK,http
noc26_hs173,noc26-hs173-announce,1136,OK,http
noc26_hs174,noc26-hs174-announce,9197,OK,http
noc26_hs175,noc26-hs175-announce,1173,OK,http
noc26_hs176,noc26-hs176-announce,396,OK,http
noc26_hs177,noc26-hs177-announce,349,OK,http
noc26_hs178,noc26-hs178-announce,493,OK,http
noc26_hs179,noc26-hs179-announce,1329,OK,http
noc26_hs180,noc26-hs180-announce,1401,OK,http
noc26_hs181,noc26-hs181-announce,3046,OK,http
noc26_hs182,noc26-hs182-announce,722,OK,http
noc26_hs183,noc26-hs183-announce,1330,OK,http
noc26_hs184,noc26-hs184-announce,9960,OK,http
noc26_hs185,noc26-hs185-announce,628,OK,http
noc26_hs186,noc26-hs186-announce,1738,OK,http
noc26_hs187,noc26-hs187-announce,309,OK,http
noc26_hs188,noc26-hs188-announce,8550,OK,http
noc26_hs189,noc26-hs189-announce,520,OK,http
noc26_hs190,noc26-hs190-announce,430,OK,http
noc26_hs191,noc26-hs191-announce,517,OK,http
noc26_hs192,noc26-hs192-announce,1099,OK,http
noc26_hs193,noc26-hs193-announce,30129,OK,http
noc26_hs194,noc26-hs194-announce,13352,OK,http
noc26_hs195,noc26-hs195-announce,356,OK,http
noc26_hs196,noc26-hs196-announce,253,OK,http
noc26_hs197,noc26-hs197-announce,756,OK,http
noc26_hs198,noc26-hs198-announce,4328,OK,http
noc26_hs199,noc26-hs199-announce,2658,OK,http
noc26_hs200,noc26-hs200-announce,2671,OK,http
noc26_hs201,noc26-hs201-announce,583,OK,http
noc26_hs202,noc26-hs202-announce,214,OK,http
noc26_hs203,noc26-hs203-announce,15111,OK,http
noc26_hs204,noc26-hs204-announce,1378,OK,http
noc26_hs206,noc26-hs206-announce,15239,OK,http
noc26_hs207,noc26-hs207-announce,644,OK,http
noc26_hs208,noc26-hs208-announce,8929,OK,http
noc26_hs209,noc26-hs209-announce,1842,OK,http
noc26_hs210,noc26-hs210-announce,14609,OK,http
noc26_hs211,noc26-hs211-announce,9192,OK,http
noc26_hs212,noc26-hs212-announce,284,OK,http
noc26_hs213,noc26-hs213-announce,1164,OK,http
noc26_hs214,noc26-hs214-announce,1429,OK,http
noc26_hs215,noc26-hs215-announce,1110,OK,http
noc26_hs216,noc26-hs216-announce,5422,OK,http
noc26_hs217,noc26-hs217-announce,550,OK,http
noc26_hs218,noc26-hs218-announce,577,OK,http
noc26_hs219,noc26-hs219-announce,960,OK,http
noc26_hs220,noc26-hs220-announce,858,OK,http
noc26_hs221,noc26-hs221-announce,333,OK,http
noc26_hs222,noc26-hs222-announce,1563,OK,http
noc26_hs223,noc26-hs223-announce,479,OK,http
noc26_hs224,noc26-hs224-announce,5649,OK,http
noc26_hs225,noc26-hs225-announce,1260,OK,http
noc26_hs226,noc26-hs226-announce,1287,OK,http
noc26_hs228,noc26-hs228-announce,327,OK,http
noc26_hs229,noc26-hs229-announce,163,OK,http
noc26_hs230,noc26-hs230-announce,839,OK,http
noc26_hs231,noc26-hs231-announce,2634,OK,http
noc26_hs232,noc26-hs232-announce,4151,OK,http
noc26_hs233,noc26-hs233-announce,254,OK,http
noc26_hs234,noc26-hs234-announce,382,OK,http
noc26_hs235,noc26-hs235-announce,1359,OK,http
noc26_hs236,noc26-hs236-announce,2692,OK,http
noc26_hs237,noc26-hs237-announce,915,OK,http
noc26_hs238,noc26-hs238-announce,739,OK,http
noc26_hs239,noc26-hs239-announce,217,OK,http
noc26_hs240,noc26-hs240-announce,927,OK,http
noc26_hs241,noc26-hs241-announce,4308,OK,http
noc26_hs242,noc26-hs242-announce,2692,OK,http
noc26_hs243,noc26-hs243-announce,1636,OK,http
noc26_hs244,noc26-hs244-announce,1342,OK,http
noc26_hs245,noc26-hs245-announce,1088,OK,http
noc26_hs246,noc26-hs246-announce,442,OK,http
noc26_hs247,noc26-hs247-announce,2263,OK,http
noc26_hs248,noc26-hs248-announce,731,OK,http
noc26_hs249,noc26-hs249-announce,30088,OK,http
noc26_hs250,noc26-hs250-announce,675,OK,http
noc26_hs251,noc26-hs251-announce,501,OK,http
noc26_hs252,noc26-hs252-announce,6420,OK,http
noc26_hs253,noc26-hs253-announce,925,OK,http
noc26_hs254,noc26-hs254-announce,1752,OK,http
noc26_lw11,noc26-lw11-announce,4296,OK,http
noc26_lw12,noc26-lw12-announce,895,OK,http
noc26_lw13,noc26-lw13-announce,654,OK,http
noc26_lw14,noc26-lw14-announce,1436,OK,http
noc26_lw15,noc26-lw15-announce,756,OK,http
noc26_lw16,noc26-lw16-announce,751,OK,http
noc26_lw17,noc26-lw17-announce,1370,OK,http
noc26_lw18,noc26-lw18-announce,430,OK,http
noc26_lw19,noc26-lw19-announce,1437,OK,http
noc26_lw20,noc26-lw20-announce,2075,OK,http
noc26_lw21,noc26-lw21-announce,2097,OK,http
noc26_lw22,noc26-lw22-announce,7046,OK,http
noc26_lw23,noc26-lw23-announce,1229,OK,http
noc26_lw24,noc26-lw24-announce,1736,OK,http
noc26_lw25,noc26-lw25-announce,1207,OK,http
noc26_lw26,noc26-lw26-announce,5217,OK,http
noc26_lw27,noc26-lw27-announce,784,OK,http
noc26_lw28,noc26-lw28-announce,1216,OK,http
noc26_ma100,noc26-ma100-announce,1732,OK,http
noc26_ma101,noc26-ma101-announce,243,OK,http
noc26_ma102,noc26-ma102-announce,4125,OK,http
noc26_ma103,noc26-ma103-announce,195,OK,http
noc26_ma104,noc26-ma104-announce,373,OK,http
noc26_ma105,noc26-ma105-announce,173,OK,http
noc26_ma106,noc26-ma106-announce,222,OK,http
noc26_ma107,noc26-ma107-announce,1091,OK,http
noc26_ma108,noc26-ma108-announce,700,OK,http
noc26_ma109,noc26-ma109-announce,716,OK,http
noc26_ma110,noc26-ma110-announce,612,OK,http
noc26_ma111,noc26-ma111-announce,123,OK,http
noc26_ma112,noc26-ma112-announce,96,OK,http
noc26_ma113,noc26-ma113-announce,546,OK,http
noc26_ma114,noc26-ma114-announce,392,OK,http
noc26_ma115,noc26-ma115-announce,615,OK,http
noc26_ma116,noc26-ma116-announce,1097,OK,http
noc26_ma117,noc26-ma117-announce,124,OK,http
noc26_ma118,noc26-ma118-announce,153,OK,http
noc26_ma119,noc26-ma119-announce,2190,OK,http
noc26_ma120,noc26-ma120-announce,233,OK,http
noc26_ma121,noc26-ma121-announce,579,OK,http
noc26_ma122,noc26-ma122-announce,1296,OK,http
noc26_ma123,noc26-ma123-announce,2705,OK,http
noc26_ma124,noc26-ma124-announce,200,OK,http
noc26_ma125,noc26-ma125-announce,185,OK,http
noc26_ma126,noc26-ma126-announce,911,OK,http
noc26_ma127,noc26-ma127-announce,287,OK,http
noc26_ma128,noc26-ma128-announce,157,OK,http
noc26_ma129,noc26-ma129-announce,1596,OK,http
noc26_ma130,noc26-ma130-announce,1969,OK,http
noc26_ma131,noc26-ma131-announce,726,OK,http
noc26_ma132,noc26-ma132-announce,423,OK,http
noc26_ma133,noc26-ma133-announce,2511,OK,http
noc26_ma134,noc26-ma134-announce,259,OK,http
noc26_ma135,noc26-ma135-announce,421,OK,http
noc26_ma136,noc26-ma136-announce,168,OK,http
noc26_ma137,noc26-ma137-announce,403,OK,http
noc26_ma138,noc26-ma138-announce,231,OK,http
noc26_ma139,noc26-ma139-announce,1706,OK,http
noc26_ma140,noc26-ma140-announce,2788,OK,http
noc26_ma141,noc26-ma141-announce,522,OK,http
noc26_ma142,noc26-ma142-announce,178,OK,http
noc26_ma143,noc26-ma143-announce,432,OK,http
noc26_ma144,noc26-ma144-announce,125,OK,http
noc26_ma145,noc26-ma145-announce,476,OK,http
noc26_ma71,noc26-ma71-announce,138,OK,http
noc26_ma72,noc26-ma72-announce,292,OK,http
noc26_ma73,noc26-ma73-announce,411,OK,http
noc26_ma74,noc26-ma74-announce,167,OK,http
noc26_ma75,noc26-ma75-announce,1168,OK,http
noc26_ma77,noc26-ma77-announce,698,OK,http
noc26_ma78,noc26-ma78-announce,1203,OK,http
noc26_ma79,noc26-ma79-announce,210,OK,http
noc26_ma80,noc26-ma80-announce,3345,OK,http
noc26_ma81,noc26-ma81-announce,765,OK,http
noc26_ma83,noc26-ma83-announce,1534,OK,http
noc26_ma84,noc26-ma84-announce,1452,OK,http
noc26_ma85,noc26-ma85-announce,1061,OK,http
noc26_ma86,noc26-ma86-announce,494,OK,http
noc26_ma87,noc26-ma87-announce,181,OK,http
noc26_ma88,noc26-ma88-announce,959,OK,http
noc26_ma89,noc26-ma89-announce,268,OK,http
noc26_ma90,noc26-ma90-announce,793,OK,http
noc26_ma91,noc26-ma91-announce,1084,OK,http
noc26_ma92,noc26-ma92-announce,662,OK,http
noc26_ma93,noc26-ma93-announce,162,OK,http
noc26_ma94,noc26-ma94-announce,304,OK,http
noc26_ma95,noc26-ma95-announce,993,OK,http
noc26_ma96,noc26-ma96-announce,640,OK,http
noc26_ma97,noc26-ma97-announce,2627,OK,http
noc26_ma98,noc26-ma98-announce,1540,OK,http
noc26_ma99,noc26-ma99-announce,705,OK,http
noc26_me104,noc26-me104-announce,,Removed / Unavailable,enrollment status
noc26_me105,noc26-me105-announce,139,OK,http
noc26_me106,noc26-me106-announce,945,OK,http
noc26_me107,noc26-me107-announce,480,OK,http
noc26_me108,noc26-me108-announce,103,OK,http
noc26_me109,noc26-me109-announce,1356,OK,http
noc26_me110,noc26-me110-announce,659,OK,http
noc26_me111,noc26-me111-announce,441,OK,http
noc26_me112,noc26-me112-announce,6623,OK,http
noc26_me113,noc26-me113-announce,795,OK,http
noc26_me114,noc26-me114-announce,763,OK,http
noc26_me115,noc26-me115-announce,468,OK,http
noc26_me116,noc26-me116-announce,824,OK,http
noc26_me117,noc26-me117-announce,299,OK,http
noc26_me118,noc26-me118-announce,4309,OK,http
noc26_me119,noc26-me119-announce,500,OK,http
noc26_me120,noc26-me120-announce,686,OK,http
noc26_me121,noc26-me121-announce,420,OK,http
noc26_me122,noc26-me122-announce,520,OK,http
noc26_me123,noc26-me123-announce,2772,OK,http
noc26_me124,noc26-me124-announce,1475,OK,http
noc26_me125,noc26-me125-announce,534,OK,http
noc26_me126,noc26-me126-announce,1551,OK,http
noc26_me127,noc26-me127-announce,5004,OK,http
noc26_me128,noc26-me128-announce,973,OK,http
noc26_me129,noc26-me129-announce,465,OK,http
noc26_me130,noc26-me130-announce,126,OK,http
noc26_me131,noc26-me131-announce,142,OK,http
noc26_me132,noc26-me132-announce,147,OK,http
noc26_me133,noc26-me133-announce,2152,OK,http
noc26_me134,noc26-me134-announce,525,OK,http
noc26_me135,noc26-me135-announce,914,OK,http
noc26_me136,noc26-me136-announce,372,OK,http
noc26_me137,noc26-me137-announce,2516,OK,http
noc26_me138,noc26-me138-announce,1073,OK,http
noc26_me139,noc26-me139-announce,1508,OK,http
noc26_me140,noc26-me140-announce,283,OK,http
noc26_me141,noc26-me141-announce,9782,OK,http
noc26_me142,noc26-me142-announce,1532,OK,http
noc26_me143,noc26-me143-announce,362,OK,http
noc26_me144,noc26-me144-announce,191,OK,http
noc26_me145,noc26-me145-announce,580,OK,http
noc26_me146,noc26-me146-announce,360,OK,http
noc26_me147,noc26-me147-announce,574,OK,http
noc26_me148,noc26-me148-announce,394,OK,http
noc26_me149,noc26-me149-announce,1732,OK,http
noc26_me150,noc26-me150-announce,250,OK,http
noc26_me151,noc26-me151-announce,3073,OK,http
noc26_me152,noc26-me152-announce,1135,OK,http
noc26_me153,noc26-me153-announce,402,OK,http
noc26_me154,noc26-me154-announce,3741,OK,http
noc26_me155,noc26-me155-announce,679,OK,http
noc26_me156,noc26-me156-announce,2037,OK,http
noc26_me157,noc26-me157-announce,919,OK,http
noc26_me158,noc26-me158-announce,2216,OK,http
noc26_me159,noc26-me159-announce,379,OK,http
noc26_me160,noc26-me160-announce,1199,OK,http
noc26_me161,noc26-me161-announce,215,OK,http
noc26_me162,noc26-me162-announce,950,OK,http
noc26_me163,noc26-me163-announce,100,OK,http
noc26_me164,noc26-me164-announce,1250,OK,http
noc26_me165,noc26-me165-announce,2152,OK,http
noc26_me166,noc26-me166-announce,89,OK,http
noc26_me167,noc26-me167-announce,1876,OK,http
noc26_me168,noc26-me168-announce,157,OK,http
noc26_me169,noc26-me169-announce,901,OK,http
noc26_me170,noc26-me170-announce,768,OK,http
noc26_me171,noc26-me171-announce,1562,OK,http
noc26_me172,noc26-me172-announce,315,OK,http
noc26_me173,noc26-me173-announce,585,OK,http
noc26_me174,noc26-me174-announce,574,OK,http
noc26_me175,noc26-me175-announce,1533,OK,http
noc26_me176,noc26-me176-announce,129,OK,http
noc26_me177,noc26-me177-announce,534,OK,http
noc26_me178,noc26-me178-announce,173,OK,http
noc26_me179,noc26-me179-announce,137,OK,http
noc26_me180,noc26-me180-announce,359,OK,http
noc26_me181,noc26-me181-announce,558,OK,http
noc26_me182,noc26-me182-announce,460,OK,http
noc26_me183,noc26-me183-announce,786,OK,http
noc26_me184,noc26-me184-announce,174,OK,http
noc26_me185,noc26-me185-announce,538,OK,http
noc26_me186,noc26-me186-announce,151,OK,http
noc26_me187,noc26-me187-announce,242,OK,http
noc26_me188,noc26-me188-announce,4595,OK,http
noc26_me189,noc26-me189-announce,6335,OK,http
noc26_me190,noc26-me190-announce,268,OK,http
noc26_me191,noc26-me191-announce,648,OK,http
noc26_me192,noc26-me192-announce,962,OK,http
noc26_me193,noc26-me193-announce,1354,OK,http
noc26_me194,noc26-me194-announce,447,OK,http
noc26_me195,noc26-me195-announce,53,OK,http
noc26_me196,noc26-me196-announce,1088,OK,http
noc26_me197,noc26-me197-announce,194,OK,http
noc26_me198,noc26-me198-announce,703,OK,http
noc26_me199,noc26-me199-announce,906,OK,http
noc26_me200,noc26-me200-announce,662,OK,http
noc26_me201,noc26-me201-announce,658,OK,http
noc26_me202,noc26-me202-announce,2564,OK,http
noc26_me203,noc26-me203-announce,1425,OK,http
noc26_me204,noc26-me204-announce,1077,OK,http
noc26_mg100,noc26-mg100-announce,9571,OK,http
noc26_mg101,noc26-mg101-announce,2835,OK,http
noc26_mg102,noc26-mg102-announce,1029,OK,http
noc26_mg103,noc26-mg103-announce,1859,OK,http
noc26_mg104,noc26-mg104-announce,1156,OK,http
noc26_mg105,noc26-mg105-announce,3931,OK,http
noc26_mg106,noc26-mg106-announce,3864,OK,http
noc26_mg107,noc26-mg107-announce,3692,OK,http
noc26_mg108,noc26-mg108-announce,2132,OK,http
noc26_mg109,noc26-mg109-announce,6139,OK,http
noc26_mg110,noc26-mg110-announce,740,OK,http
noc26_mg111,noc26-mg111-announce,2181,OK,http
noc26_mg112,noc26-mg112-announce,4659,OK,http
noc26_mg113,noc26-mg113-announce,9551,OK,http
noc26_mg114,noc26-mg114-announce,26036,OK,http
noc26_mg115,noc26-mg115-announce,738,OK,http
noc26_mg116,noc26-mg116-announce,7331,OK,http
noc26_mg117,noc26-mg117-announce,3545,OK,http
noc26_mg118,noc26-mg118-announce,124,OK,http
noc26_mg119,noc26-mg119-announce,1283,OK,http
noc26_mg120,noc26-mg120-announce,1701,OK,http
noc26_mg121,noc26-mg121-announce,2174,OK,http
noc26_mg122,noc26-mg122-announce,9340,OK,http
noc26_mg123,noc26-mg123-announce,1912,OK,http
noc26_mg124,noc26-mg124-announce,958,OK,http
noc26_mg125,noc26-mg125-announce,1297,OK,http
noc26_mg126,noc26-mg126-announce,3383,OK,http
noc26_mg127,noc26-mg127-announce,1011,OK,http
noc26_mg128,noc26-mg128-announce,761,OK,http
noc26_mg129,noc26-mg129-announce,11198,OK,http
noc26_mg130,noc26-mg130-announce,1179,OK,http
noc26_mg131,noc26-mg131-announce,1760,OK,http
noc26_mg132,noc26-mg132-announce,2511,OK,http
noc26_mg133,noc26-mg133-announce,653,OK,http
noc26_mg134,noc26-mg134-announce,13729,OK,http
noc26_mg135,noc26-mg135-announce,5249,OK,http
noc26_mg136,noc26-mg136-announce,780,OK,http
noc26_mg137,noc26-mg137-announce,1809,OK,http
noc26_mg138,noc26-mg138-announce,1376,OK,http
noc26_mg139,noc26-mg139-announce,22310,OK,http
noc26_mg142,noc26-mg142-announce,8983,OK,http
noc26_mg143,noc26-mg143-announce,2728,OK,http
noc26_mg144,noc26-mg144-announce,1048,OK,http
noc26_mg145,noc26-mg145-announce,8953,OK,http
noc26_mg146,noc26-mg146-announce,1561,OK,http
noc26_mg147,noc26-mg147-announce,5182,OK,http
noc26_mg148,noc26-mg148-announce,1809,OK,http
noc26_mg149,noc26-mg149-announce,1241,OK,http
noc26_mg150,noc26-mg150-announce,4725,OK,http
noc26_mg151,noc26-mg151-announce,941,OK,http
noc26_mg152,noc26-mg152-announce,10862,OK,http
noc26_mg153,noc26-mg153-announce,4506,OK,http
noc26_mg154,noc26-mg154-announce,8823,OK,http
noc26_mg155,noc26-mg155-announce,4282,OK,http
noc26_mg156,noc26-mg156-announce,1870,OK,http
noc26_mg157,noc26-mg157-announce,5907,OK,http
noc26_mg158,noc26-mg158-announce,7231,OK,http
noc26_mg159,noc26-mg159-announce,827,OK,http
noc26_mg80,noc26-mg80-announce,7078,OK,http
noc26_mg81,noc26-mg81-announce,3023,OK,http
noc26_mg82,noc26-mg82-announce,3849,OK,http
noc26_mg83,noc26-mg83-announce,1996,OK,http
noc26_mg84,noc26-mg84-announce,18606,OK,http
noc26_mg85,noc26-mg85-announce,773,OK,http
noc26_mg86,noc26-mg86-announce,2340,OK,http
noc26_mg87,noc26-mg87-announce,5350,OK,http
noc26_mg88,noc26-mg88-announce,438,OK,http
noc26_mg89,noc26-mg89-announce,1933,OK,http
noc26_mg90,noc26-mg90-announce,435,OK,http
noc26_mg91,noc26-mg91-announce,958,OK,http
noc26_mg92,noc26-mg92-announce,4537,OK,http
noc26_mg93,noc26-mg93-announce,2208,OK,http
noc26_mg94,noc26-mg94-announce,5107,OK,http
noc26_mg95,noc26-mg95-announce,1479,OK,http
noc26_mg96,noc26-mg96-announce,3705,OK,http
noc26_mg97,noc26-mg97-announce,6485,OK,http
noc26_mg98,noc26-mg98-announce,3846,OK,http
noc26_mg99,noc26-mg99-announce,6632,OK,http
noc26_mm48,noc26-mm48-announce,87,OK,http
noc26_mm49,noc26-mm49-announce,594,OK,http
noc26_mm50,noc26-mm50-announce,612,OK,http
noc26_mm51,noc26-mm51-announce,373,OK,http
noc26_mm53,noc26-mm53-announce,126,OK,http
noc26_mm54,noc26-mm54-announce,144,OK,http
noc26_mm55,noc26-mm55-announce,73,OK,http
noc26_mm56,noc26-mm56-announce,2385,OK,http
noc26_mm57,noc26-mm57-announce,86,OK,http
noc26_mm58,noc26-mm58-announce,99,OK,http
noc26_mm59,noc26-mm59-announce,83,OK,http
noc26_mm60,noc26-mm60-announce,340,OK,http
noc26_mm61,noc26-mm61-announce,203,OK,http
noc26_mm62,noc26-mm62-announce,171,OK,http
noc26_mm63,noc26-mm63-announce,122,OK,http
noc26_mm64,noc26-mm64-announce,709,OK,http
noc26_mm65,noc26-mm65-announce,116,OK,http
noc26_mm66,noc26-mm66-announce,377,OK,http
noc26_mm67,noc26-mm67-announce,284,OK,http
noc26_mm68,noc26-mm68-announce,86,OK,http
noc26_mm69,noc26-mm69-announce,430,OK,http
noc26_mm70,noc26-mm70-announce,273,OK,http
noc26_mm71,noc26-mm71-announce,170,OK,http
noc26_mm72,noc26-mm72-announce,423,OK,http
noc26_mm73,noc26-mm73-announce,289,OK,http
noc26_mm74,noc26-mm74-announce,185,OK,http
noc26_mm75,noc26-mm75-announce,629,OK,http
noc26_mm76,noc26-mm76-announce,6541,OK,http
noc26_mm77,noc26-mm77-announce,82,OK,http
noc26_mm78,noc26-mm78-announce,585,OK,http
noc26_mm79,noc26-mm79-announce,979,OK,http
noc26_mm80,noc26-mm80-announce,317,OK,http
noc26_mm81,noc26-mm81-announce,130,OK,http
noc26_mm82,noc26-mm82-announce,229,OK,http
noc26_mm83,noc26-mm83-announce,680,OK,http
noc26_mm84,noc26-mm84-announce,403,OK,http
noc26_mm85,noc26-mm85-announce,110,OK,http
noc26_mm86,noc26-mm86-announce,179,OK,http
noc26_mm87,noc26-mm87-announce,546,OK,http
noc26_mm88,noc26-mm88-announce,112,OK,http
noc26_mm89,noc26-mm89-announce,193,OK,http
noc26_mm90,noc26-mm90-announce,37,OK,http
noc26_mm91,noc26-mm91-announce,253,OK,http
noc26_oe05,noc26-oe05-announce,303,OK,http
noc26_oe06,noc26-oe06-announce,483,OK,http
noc26_oe07,noc26-oe07-announce,172,OK,http
noc26_oe08,noc26-oe08-announce,292,OK,http
noc26_oe09,noc26-oe09-announce,729,OK,http
noc26_ph34,noc26-ph34-announce,2054,OK,http
noc26_ph35,noc26-ph35-announce,303,OK,http
noc26_ph36,noc26-ph36-announce,716,OK,http
noc26_ph37,noc26-ph37-announce,626,OK,http
noc26_ph38,noc26-ph38-announce,196,OK,http
noc26_ph39,noc26-ph39-announce,874,OK,http
noc26_ph40,noc26-ph40-announce,843,OK,http
noc26_ph41,noc26-ph41-announce,438,OK,http
noc26_ph42,noc26-ph42-announce,580,OK,http
noc26_ph43,noc26-ph43-announce,595,OK,http
noc26_ph44,noc26-ph44-announce,1289,OK,http
noc26_ph45,noc26-ph45-announce,247,OK,http
noc26_ph46,noc26-ph46-announce,143,OK,http
noc26_ph47,noc26-ph47-announce,81,OK,http
noc26_ph48,noc26-ph48-announce,943,OK,http
noc26_ph49,noc26-ph49-announce,537,OK,http
noc26_ph50,noc26-ph50-announce,581,OK,http
noc26_ph51,noc26-ph51-announce,507,OK,http
noc26_ph52,noc26-ph52-announce,523,OK,http
noc26_ph53,noc26-ph53-announce,280,OK,http
noc26_ph54,noc26-ph54-announce,291,OK,http
noc26_ph55,noc26-ph55-announce,302,OK,http
noc26_ph56,noc26-ph56-announce,1396,OK,http
noc26_ph57,noc26-ph57-announce,2952,OK,http
noc26_ph58,noc26-ph58-announce,576,OK,http
noc26_ph59,noc26-ph59-announce,326,OK,http
noc26_ph60,noc26-ph60-announce,608,OK,http
noc26_ph61,noc26-ph61-announce,2000,OK,http
noc26_ph62,noc26-ph62-announce,907,OK,http
noc26_ph63,noc26-ph63-announce,338,OK,http
noc26_ph64,noc26-ph64-announce,192,OK,http
noc26_ph65,noc26-ph65-announce,1398,OK,http
noc26_ph66,noc26-ph66-announce,521,OK,http
noc26_te09,noc26-te09-announce,215,OK,http
noc26_te10,noc26-te10-announce,344,OK,http
noc26_te11,noc26-te11-announce,453,OK,http
noc26_te12,noc26-te12-announce,590,OK,http
noc26_te13,noc26-te13-announce,510,OK,http
noc26_te14,noc26-te14-announce,215,OK,http
